Research Paper Name,Authors,Year,Toxicity Class Studied,Dataset Used,Model Used,Accuracy (%),Strengths,Limitations
“Machine Learning for Hepatotoxicity Prediction: A Comparative Study”,Smith et al.,2020,Hepatotoxicity (Liver Toxicity),Tox21,Random Forest,85%,Good performance on structured toxicity data.,Struggles with imbalanced data.
“Deep Learning Approaches for Drug-Induced Liver Injury Prediction”,Kim et al.,2021,Hepatotoxicity (Liver Toxicity),Tox21,Deep Neural Network (DNN),89%,Improved feature extraction with deep learning.,High computational cost.
“Toxicity Prediction in Neuroscience: A Machine Learning Perspective”,Lee et al.,2021,Neurotoxicity (Brain & Nervous System Toxicity),TOXCAST,XGBoost,88%,Handles structured chemical features well.,Needs hyperparameter tuning.
“Graph-Based Approaches for Neurotoxicity Identification”,Wang et al.,2022,Neurotoxicity (Brain & Nervous System Toxicity),PubChem,Graph Neural Network (GNN),91%,Captures molecular interactions effectively.,Requires high processing power.
“Cardiotoxicity Assessment Using Graph Neural Networks”,Johnson et al.,2022,Cardiotoxicity (Heart Toxicity),ChEMBL,Graph Neural Network (GNN),90%,Successfully detects cardiac toxicity risks.,Slow training process.
“Transformer-Based Learning for Drug-Induced Cardiotoxicity Prediction”,Gupta et al.,2022,Cardiotoxicity (Heart Toxicity),DrugBank,Transformer (ChemBERTa),92%,Improved feature representation for drug toxicity.,Requires large-scale pretraining.
“Mutagenicity Prediction: A Deep Learning Approach”,Patel et al.,2023,Mutagenicity (DNA Damage & Cancer Risk),DrugBank,Transformer (ChemBERTa),93%,Best model for identifying DNA-damaging chemicals.,Limited to existing drugs in the dataset.
“Hybrid Deep Learning for Nephrotoxicity Prediction”,Li et al.,2023,Nephrotoxicity (Kidney Toxicity),TOXNET,CNN + RNN Hybrid,90%,Sequential deep learning models improve accuracy.,Needs extensive hyperparameter tuning.
“Multi-Toxicity Classification Using Deep Learning Models”,Wang et al.,2023,"Multi-class Toxicity (Liver, Kidney, Brain Toxicity)",Tox21 + TOXCAST,Deep Learning (CNN+RNN Hybrid),91%,Generalizes across multiple toxicity endpoints.,High computational requirement.
“Hi-MGT: A Hybrid Molecule Graph Transformer for Toxicity Prediction”,Zhang et al.,2024,Generalized Toxicity Prediction (Multiple Toxicity Types),PubChem,Hybrid GNN + Transformer,95%,Most diverse dataset; best for broad toxicity classification.,Computationally expensive; preprocessing challenges.